email,password
25k81a0201@smec.ac.in,ChangeMe123!
25k81a0202@smec.ac.in,ChangeMe123!
25k81a0203@smec.ac.in,ChangeMe123!
25k81a0204@smec.ac.in,ChangeMe123!
25k81a0205@smec.ac.in,ChangeMe123!
25k81a0207@smec.ac.in,ChangeMe123!
25k81a0208@smec.ac.in,ChangeMe123!
25k81a0209@smec.ac.in,ChangeMe123!
25k81a0210@smec.ac.in,ChangeMe123!
25k81a0211@smec.ac.in,ChangeMe123!
25k81a0212@smec.ac.in,ChangeMe123!
25k81a0213@smec.ac.in,ChangeMe123!
25k81a0214@smec.ac.in,ChangeMe123!
25k81a0215@smec.ac.in,ChangeMe123!
25k81a0216@smec.ac.in,ChangeMe123!
25k81a0217@smec.ac.in,ChangeMe123!
25k81a0218@smec.ac.in,ChangeMe123!
25k81a0219@smec.ac.in,ChangeMe123!
25k81a0220@smec.ac.in,ChangeMe123!
25k81a0401@smec.ac.in,ChangeMe123!
25k81a0402@smec.ac.in,ChangeMe123!
25k81a0403@smec.ac.in,ChangeMe123!
25k81a0404@smec.ac.in,ChangeMe123!
25k81a0405@smec.ac.in,ChangeMe123!
25k81a0407@smec.ac.in,ChangeMe123!
25k81a0408@smec.ac.in,ChangeMe123!
25k81a0409@smec.ac.in,ChangeMe123!
25k81a0411@smec.ac.in,ChangeMe123!
25k81a0412@smec.ac.in,ChangeMe123!
25k81a0413@smec.ac.in,ChangeMe123!
25k81a0414@smec.ac.in,ChangeMe123!
25k81a0415@smec.ac.in,ChangeMe123!
25k81a0416@smec.ac.in,ChangeMe123!
25k81a0417@smec.ac.in,ChangeMe123!
25k81a0418@smec.ac.in,ChangeMe123!
25k81a0419@smec.ac.in,ChangeMe123!
25k81a0421@smec.ac.in,ChangeMe123!
25k81a0422@smec.ac.in,ChangeMe123!
25k81a0423@smec.ac.in,ChangeMe123!
25k81a0425@smec.ac.in,ChangeMe123!
25k81a0426@smec.ac.in,ChangeMe123!
25k81a0427@smec.ac.in,ChangeMe123!
25k81a0428@smec.ac.in,ChangeMe123!
25k81a0430@smec.ac.in,ChangeMe123!
25k81a0431@smec.ac.in,ChangeMe123!
25k81a0432@smec.ac.in,ChangeMe123!
25k81a0434@smec.ac.in,ChangeMe123!
25k81a0435@smec.ac.in,ChangeMe123!
25k81a0436@smec.ac.in,ChangeMe123!
25k81a0438@smec.ac.in,ChangeMe123!
25k81a0439@smec.ac.in,ChangeMe123!
25k81a0440@smec.ac.in,ChangeMe123!
25k81a0441@smec.ac.in,ChangeMe123!
25k81a0442@smec.ac.in,ChangeMe123!
25k81a0443@smec.ac.in,ChangeMe123!
25k81a0444@smec.ac.in,ChangeMe123!
25k81a0445@smec.ac.in,ChangeMe123!
25k81a0447@smec.ac.in,ChangeMe123!
25k81a0448@smec.ac.in,ChangeMe123!
25k81a0449@smec.ac.in,ChangeMe123!
25k81a0450@smec.ac.in,ChangeMe123!
25k81a0451@smec.ac.in,ChangeMe123!
25k81a0452@smec.ac.in,ChangeMe123!
25k81a0453@smec.ac.in,ChangeMe123!
25k81a0454@smec.ac.in,ChangeMe123!
25k81a0455@smec.ac.in,ChangeMe123!
25k81a0456@smec.ac.in,ChangeMe123!
25k81a0457@smec.ac.in,ChangeMe123!
25k81a0458@smec.ac.in,ChangeMe123!
25k81a0460@smec.ac.in,ChangeMe123!
25k81a0461@smec.ac.in,ChangeMe123!
25k81a0462@smec.ac.in,ChangeMe123!
25k81a0463@smec.ac.in,ChangeMe123!
25k81a0464@smec.ac.in,ChangeMe123!
25k81a0465@smec.ac.in,ChangeMe123!
25k81a0466@smec.ac.in,ChangeMe123!
25k81a0467@smec.ac.in,ChangeMe123!
25k81a0469@smec.ac.in,ChangeMe123!
25k81a0470@smec.ac.in,ChangeMe123!
25k81a0471@smec.ac.in,ChangeMe123!
25k81a0472@smec.ac.in,ChangeMe123!
25k81a0473@smec.ac.in,ChangeMe123!
25k81a0474@smec.ac.in,ChangeMe123!
25k81a0475@smec.ac.in,ChangeMe123!
25k81a0476@smec.ac.in,ChangeMe123!
25k81a0477@smec.ac.in,ChangeMe123!
25k81a0478@smec.ac.in,ChangeMe123!
25k81a0479@smec.ac.in,ChangeMe123!
25k81a0480@smec.ac.in,ChangeMe123!
25k81a0481@smec.ac.in,ChangeMe123!
25k81a0483@smec.ac.in,ChangeMe123!
25k81a0484@smec.ac.in,ChangeMe123!
25k81a0485@smec.ac.in,ChangeMe123!
25k81a0486@smec.ac.in,ChangeMe123!
25k81a0487@smec.ac.in,ChangeMe123!
25k81a0488@smec.ac.in,ChangeMe123!
25k81a0489@smec.ac.in,ChangeMe123!
25k81a0490@smec.ac.in,ChangeMe123!
25k81a0491@smec.ac.in,ChangeMe123!
25k81a0492@smec.ac.in,ChangeMe123!
25k81a0494@smec.ac.in,ChangeMe123!
25k81a0495@smec.ac.in,ChangeMe123!
25k81a0496@smec.ac.in,ChangeMe123!
25k81a0497@smec.ac.in,ChangeMe123!
25k81a0498@smec.ac.in,ChangeMe123!
25k81a0499@smec.ac.in,ChangeMe123!
25k81a04a0@smec.ac.in,ChangeMe123!
25k81a04a1@smec.ac.in,ChangeMe123!
25k81a04a2@smec.ac.in,ChangeMe123!
25k81a04a3@smec.ac.in,ChangeMe123!
25k81a04a4@smec.ac.in,ChangeMe123!
25k81a04a6@smec.ac.in,ChangeMe123!
25k81a04a7@smec.ac.in,ChangeMe123!
25k81a04a8@smec.ac.in,ChangeMe123!
25k81a04a9@smec.ac.in,ChangeMe123!
25k81a04b0@smec.ac.in,ChangeMe123!
25k81a04b1@smec.ac.in,ChangeMe123!
25k81a04b2@smec.ac.in,ChangeMe123!
25k81a04b3@smec.ac.in,ChangeMe123!
25k81a04b4@smec.ac.in,ChangeMe123!
25k81a04b5@smec.ac.in,ChangeMe123!
25k81a04b7@smec.ac.in,ChangeMe123!
25k81a04b8@smec.ac.in,ChangeMe123!
25k81a04b9@smec.ac.in,ChangeMe123!
25k81a04c0@smec.ac.in,ChangeMe123!
25k81a04c1@smec.ac.in,ChangeMe123!
25k81a04c2@smec.ac.in,ChangeMe123!
25k81a04c3@smec.ac.in,ChangeMe123!
25k81a04c4@smec.ac.in,ChangeMe123!
25k81a04c5@smec.ac.in,ChangeMe123!
25k81a04c6@smec.ac.in,ChangeMe123!
25k81a04c7@smec.ac.in,ChangeMe123!
25k81a04c8@smec.ac.in,ChangeMe123!
25k81a04d0@smec.ac.in,ChangeMe123!
25k81a04d1@smec.ac.in,ChangeMe123!
25k81a04d2@smec.ac.in,ChangeMe123!
25k81a04d3@smec.ac.in,ChangeMe123!
25k81a04d5@smec.ac.in,ChangeMe123!
25k81a04d6@smec.ac.in,ChangeMe123!
25k81a04d7@smec.ac.in,ChangeMe123!
25k81a04d9@smec.ac.in,ChangeMe123!
25k81a04e0@smec.ac.in,ChangeMe123!
25k81a04e1@smec.ac.in,ChangeMe123!
25k81a04e2@smec.ac.in,ChangeMe123!
25k81a04e3@smec.ac.in,ChangeMe123!
25k81a04e4@smec.ac.in,ChangeMe123!
25k81a04e5@smec.ac.in,ChangeMe123!
25k81a04e6@smec.ac.in,ChangeMe123!
25k81a04e7@smec.ac.in,ChangeMe123!
25k81a04e8@smec.ac.in,ChangeMe123!
25k81a04f0@smec.ac.in,ChangeMe123!
25k81a04f1@smec.ac.in,ChangeMe123!
25k81a04f2@smec.ac.in,ChangeMe123!
25k81a04f3@smec.ac.in,ChangeMe123!
25k81a04f5@smec.ac.in,ChangeMe123!
25k81a04f6@smec.ac.in,ChangeMe123!
25k81a04f7@smec.ac.in,ChangeMe123!
25k81a04f8@smec.ac.in,ChangeMe123!
25k81a04f9@smec.ac.in,ChangeMe123!
25k81a04g0@smec.ac.in,ChangeMe123!
25k81a04g1@smec.ac.in,ChangeMe123!
25k81a04g2@smec.ac.in,ChangeMe123!
25k81a04g3@smec.ac.in,ChangeMe123!
25k81a04g4@smec.ac.in,ChangeMe123!
25k81a04g5@smec.ac.in,ChangeMe123!
25k81a04g6@smec.ac.in,ChangeMe123!
25k81a04g7@smec.ac.in,ChangeMe123!
25k81a04g8@smec.ac.in,ChangeMe123!
25k81a04g9@smec.ac.in,ChangeMe123!
25k81a04h0@smec.ac.in,ChangeMe123!
25k81a04h1@smec.ac.in,ChangeMe123!
25k81a04h2@smec.ac.in,ChangeMe123!
25k81a04h3@smec.ac.in,ChangeMe123!
25k81a04h4@smec.ac.in,ChangeMe123!
25k81a04h5@smec.ac.in,ChangeMe123!
25k81a04h6@smec.ac.in,ChangeMe123!
25k81a04h7@smec.ac.in,ChangeMe123!
25k81a04h9@smec.ac.in,ChangeMe123!
25k81a04j0@smec.ac.in,ChangeMe123!
25k81a04j1@smec.ac.in,ChangeMe123!
25k81a04j3@smec.ac.in,ChangeMe123!
25k81a04j4@smec.ac.in,ChangeMe123!
25k81a04j5@smec.ac.in,ChangeMe123!
25k81a04j6@smec.ac.in,ChangeMe123!
25k81a04j7@smec.ac.in,ChangeMe123!
25k81a04j8@smec.ac.in,ChangeMe123!
25k81a04j9@smec.ac.in,ChangeMe123!
25k81a04k0@smec.ac.in,ChangeMe123!
25k81a04k1@smec.ac.in,ChangeMe123!
25k81a04k2@smec.ac.in,ChangeMe123!
25k81a04k3@smec.ac.in,ChangeMe123!
25k81a04k4@smec.ac.in,ChangeMe123!
25k81a04k5@smec.ac.in,ChangeMe123!
25k81a04k7@smec.ac.in,ChangeMe123!
25k81a04k8@smec.ac.in,ChangeMe123!
25k81a04k9@smec.ac.in,ChangeMe123!
25k81a04l0@smec.ac.in,ChangeMe123!
25k81a04l1@smec.ac.in,ChangeMe123!
25k81a04l2@smec.ac.in,ChangeMe123!
25k81a04l3@smec.ac.in,ChangeMe123!
